账号,手机,姓名,密码
test888,15122222222,zxd,123456
test889,15122222223,zxd,123456
test890,15122222224,zxd,123456
test891,15122222225,zxd,123456
test892,15122222226,zxd,123456
test893,15122222227,zxd,123456
test894,15122222228,zxd,123456
test895,15122222229,zxd,123456
test896,15122222230,zxd,123456
test897,15122222231,zxd,123456
test898,15122222232,zxd,123456
test899,15122222233,zxd,123456
test900,15122222234,zxd,123456
test901,15122222235,zxd,123456
test902,15122222236,zxd,123456
test903,15122222237,zxd,123456
test904,15122222238,zxd,123456
test905,15122222239,zxd,123456
test906,15122222240,zxd,123456
test907,15122222241,zxd,123456
test908,15122222242,zxd,123456
test909,15122222243,zxd,123456
test910,15122222244,zxd,123456
test911,15122222245,zxd,123456
test912,15122222246,zxd,123456
test913,15122222247,zxd,123456
test914,15122222248,zxd,123456
test915,15122222249,zxd,123456
test916,15122222250,zxd,123456
test917,15122222251,zxd,123456
test918,15122222252,zxd,123456
test919,15122222253,zxd,123456
test920,15122222254,zxd,123456
test921,15122222255,zxd,123456
test922,15122222256,zxd,123456
test923,15122222257,zxd,123456
test924,15122222258,zxd,123456
test925,15122222259,zxd,123456
test926,15122222260,zxd,123456
test927,15122222261,zxd,123457
